status,priority,target_name,target_url,target_type,contact_hint,outreach_angle,mijah_page_to_link,suggested_anchor,notes
sent_2026-07-13,high,Black Beauty Bag,https://www.blackbeautybag.com/,beauty_blog,fatou@blackbeautybag.com,"Pitch founder story + French-Caribbean natural hair care routine",https://mijah.fr/collection,soins cheveux afro naturels,"Email sent on 2026-07-13. French beauty blog dedicated to Black women since 2007; good authority fit."
sent_2026-07-13,high,Nappy N'ko,https://nappynko.com/,curly_afro_shop,serviceclient@nappynko.com,"Wholesale/stockist or routine guide collaboration for cheveux crepus/frises/boucles",https://mijah.fr/blog-routine-pousse-cheveux-4c,routine pousse cheveux 4C,"Email sent from Gmail draft on 2026-07-13. Relevant audience and visible customer service email."
skip_no_partnerships,high,Beautiful Boucles,https://beautiful-boucles.com/,curly_hair_blog,contact page/social channels,"Guest guide or product routine mention around porosity/hydration",https://mijah.fr/blog-porosite-cheveux-afro,porosite cheveux afro,"Skipped after contact page stated no link exchanges/partnerships/promotional articles against products."
sent_2026-07-13,high,La Belle Boucle,https://labelleboucle.fr/,curly_hair_shop_salon,sav@labelleboucle.fr,"Stockist/product testing request for natural curly/coily hair care",https://mijah.fr/collection,soins cheveux boucles naturels,"Email sent on 2026-07-13 asking for the right brand/reference contact. Large French curly hair shop/salon ecosystem."
sent_2026-07-13,medium,Bouclette.co,https://bouclette.co/,curly_hair_salon_shop,alicia@bouclette.co,"Salon/product test partnership for ondules boucles frises crepus",https://mijah.fr/product-mango,beurre de mangue cheveux boucles,"Email sent on 2026-07-13 to press contact. Relevant salon and product audience in France."
sent_2026-07-13,medium,Le Site du Made in France,https://www.lesitedumadeinfrance.fr/marques/beaute,made_in_france_directory,contact@lesitedumadeinfrance.fr,"Submit MÎJAH as French beauty/cosmetics brand and verify criteria",https://mijah.fr/about,marque francaise cheveux afro et boucles,"Email sent on 2026-07-13 asking for listing criteria/procedure. Directory/page for French beauty brands."
sent_2026-07-13,medium,Ecco Verde France,https://www.ecco-verde.fr/marques,natural_cosmetics_shop,france@ecco-verde.com,"Wholesale/vendor inquiry for natural cosmetics marketplace",https://mijah.fr/collection,soins capillaires naturels,"Email sent on 2026-07-13 asking for the right supplier/reference contact. Natural cosmetics marketplace with brand directory."
sent_2026-07-13,medium,Cosmebio,https://www.cosmebio.org/fr/le-label/,certification_directory,contact@cosmebio.org,"Explore certification/listing path if formulas qualify",https://mijah.fr/about,cosmetiques naturels cheveux afro et boucles,"Email sent on 2026-07-13 asking for membership/certification procedure. Potential long-term trust signal, not immediate backlink unless eligible."
sent_2026-07-13,medium,Hekka Cosmetics,https://hekka-cosmetics.com/cosmetiques-naturels/cosmetiques-naturels-francais/,natural_beauty_content,hello@hekka-cosmetics.com,"Pitch inclusion in French natural cosmetics guides",https://mijah.fr/collection,soins cheveux afro naturels,"Email sent on 2026-07-13. Publishes guides around French natural cosmetics."
not_sent,medium,L'ADN,https://www.ladn.eu/actualite/top-marques-cosmetiques-bio-naturelle-made-in-france/,media,editorial contact,"Founder/brand story: French-Caribbean natural textured hair care",https://mijah.fr/about,marque francaise cheveux afro et boucles,"PR angle rather than product-only backlink."
